Name, Theo_Area, Wet_Area, Theo_Vol, Wet_Vol
Fuselage,48.448179,44.483276,16.747698,16.419909
MainWing,31.317714,29.244090,3.243381,3.234018
MainWing,31.317714,29.244090,3.243381,3.234018
HTail,8.748633,8.037153,0.482569,0.473389
HTail,8.748633,8.037153,0.482569,0.473389
VTail,8.546755,7.916714,0.488311,0.482988
Nacelle_R,4.254419,3.717623,0.627955,0.585936
Nacelle_L,4.254419,3.717623,0.627955,0.585936
LiftStrut_Pair,2.222693,2.130402,0.030892,0.030892
LiftStrut_Pair,2.222693,2.130402,0.030892,0.030892
MainGearLeg_Pair,0.591063,0.486381,0.008604,0.007561
MainGearLeg_Pair,0.591063,0.486381,0.008604,0.007561
MainWheel_Pair,0.686673,0.681263,0.049967,0.049967
MainWheel_Pair,0.686673,0.681263,0.049967,0.049967
NoseGearLeg,0.226628,0.136799,0.003036,0.001957
NoseWheel,0.466191,0.460059,0.027874,0.027874
Totals,153.330141,141.590672,26.153656,25.696251

Tag_Name, Tag_Theo_Area, Tag_Wet_Area
Fuselage_S_Surf0,48.448179,44.483276
MainWing_S_Surf0,24.341830,22.335727
MainWing_S_Surf1,24.341830,22.335727
HTail_S_Surf0,5.644270,5.121836
HTail_S_Surf1,5.644270,5.121836
VTail_S_Surf0,5.123993,4.679075
Nacelle_R_S_Surf0,4.254419,3.717623
Nacelle_L_S_Surf0,4.254419,3.717623
LiftStrut_Pair_S_Surf0,2.222693,2.130402
LiftStrut_Pair_S_Surf1,2.222693,2.130402
MainGearLeg_Pair_S_Surf0,0.591063,0.486381
MainGearLeg_Pair_S_Surf1,0.591063,0.486381
MainWheel_Pair_S_Surf0,0.686673,0.681263
MainWheel_Pair_S_Surf1,0.686673,0.681263
NoseGearLeg_S_Surf0,0.226628,0.136799
NoseWheel_S_Surf0,0.466191,0.460059
MainWing_S_Surf0,SS_CONT_0,0.831908,0.831908
MainWing_S_Surf0,SS_CONT_1,6.143976,6.076455
MainWing_S_Surf1,SS_CONT_0,0.831908,0.831908
MainWing_S_Surf1,SS_CONT_1,6.143976,6.076455
HTail_S_Surf0,SS_CONT_0,3.104363,2.915317
HTail_S_Surf1,SS_CONT_0,3.104363,2.915317
VTail_S_Surf0,SS_CONT_0,3.422762,3.237639

SS_Name, SS_Theo_Area, SS_Wet_Area
MainWing,SS_CONT_0,1.663816,1.663816
MainWing,SS_CONT_1,12.287953,12.152911
HTail,SS_CONT_0,6.208727,5.830634
VTail,SS_CONT_0,3.422762,3.237639
