Results_Name,VSPAERO_History
Results_Timestamp,1787050174
Results_Date,8,18,2026
Results_Time,16,19,34
Alpha,4.000000000000000000e+00,4.000000000000000000e+00,4.000000000000000000e+00
Beta,0.000000000000000000e+00,0.000000000000000000e+00,0.000000000000000000e+00
CDi,0.000000000000000000e+00,-3.012248839999999927e-04,-3.029150800000000149e-04
CDiw,0.000000000000000000e+00,0.000000000000000000e+00,0.000000000000000000e+00
CDo,2.969782165000000012e-03,2.969782165000000012e-03,2.969782165000000012e-03
CDtot,2.969782165000000012e-03,2.668557280999999965e-03,2.666867084999999943e-03
CDwtot,2.969782165000000012e-03,2.969782165000000012e-03,2.969782165000000012e-03
CFxi,0.000000000000000000e+00,-3.145378149999999832e-04,-3.162254870000000078e-04
CFxiw,0.000000000000000000e+00,0.000000000000000000e+00,0.000000000000000000e+00
CFxo,2.962547925000000044e-03,2.962547925000000044e-03,2.962547925000000044e-03
CFxtot,2.962547925000000044e-03,2.648010110000000115e-03,2.646322437999999982e-03
CFxwtot,2.962547925000000044e-03,2.962547925000000044e-03,2.962547925000000044e-03
CFyi,0.000000000000000000e+00,2.271323300000000162e-05,2.326879099999999858e-05
CFyiw,0.000000000000000000e+00,0.000000000000000000e+00,0.000000000000000000e+00
CFyo,0.000000000000000000e+00,0.000000000000000000e+00,0.000000000000000000e+00
CFytot,0.000000000000000000e+00,2.271323300000000162e-05,2.326879099999999858e-05
CFywtot,0.000000000000000000e+00,0.000000000000000000e+00,0.000000000000000000e+00
CFzi,0.000000000000000000e+00,1.798647750000000045e-04,1.797696619999999902e-04
CFziw,0.000000000000000000e+00,0.000000000000000000e+00,0.000000000000000000e+00
CFzo,2.071615319999999926e-04,2.071615319999999926e-04,2.071615319999999926e-04
CFztot,2.071615319999999926e-04,3.870263070000000243e-04,3.869311940000000100e-04
CFzwtot,2.071615319999999926e-04,2.071615319999999926e-04,2.071615319999999926e-04
CLi,0.000000000000000000e+00,2.013676819999999973e-04,2.013905279999999990e-04
CLiw,0.000000000000000000e+00,0.000000000000000000e+00,0.000000000000000000e+00
CLo,0.000000000000000000e+00,0.000000000000000000e+00,0.000000000000000000e+00
CLtot,0.000000000000000000e+00,2.013676819999999973e-04,2.013905279999999990e-04
CLwtot,0.000000000000000000e+00,0.000000000000000000e+00,0.000000000000000000e+00
CMxi,0.000000000000000000e+00,1.764161999999999992e-06,2.919836000000000127e-06
CMxo,0.000000000000000000e+00,0.000000000000000000e+00,0.000000000000000000e+00
CMxtot,0.000000000000000000e+00,1.764161999999999992e-06,2.919836000000000127e-06
CMyi,0.000000000000000000e+00,-1.760761616999999930e-03,-1.716502383999999942e-03
CMyo,0.000000000000000000e+00,0.000000000000000000e+00,0.000000000000000000e+00
CMytot,0.000000000000000000e+00,-1.760761616999999930e-03,-1.716502383999999942e-03
CMzi,0.000000000000000000e+00,-1.440325299999999957e-05,-3.116654999999999724e-05
CMzo,0.000000000000000000e+00,0.000000000000000000e+00,0.000000000000000000e+00
CMztot,0.000000000000000000e+00,-1.440325299999999957e-05,-3.116654999999999724e-05
CSi,0.000000000000000000e+00,2.271323300000000162e-05,2.326879099999999858e-05
CSiw,0.000000000000000000e+00,0.000000000000000000e+00,0.000000000000000000e+00
CSo,0.000000000000000000e+00,0.000000000000000000e+00,0.000000000000000000e+00
CStot,0.000000000000000000e+00,2.271323300000000162e-05,2.326879099999999858e-05
CSwtot,0.000000000000000000e+00,0.000000000000000000e+00,0.000000000000000000e+00
E,0.000000000000000000e+00,0.000000000000000000e+00,0.000000000000000000e+00
Ew,0.000000000000000000e+00,0.000000000000000000e+00,0.000000000000000000e+00
FC_AoA_,4.000000000000000000e+00
FC_Beta_,0.000000000000000000e+00
FC_Bref_,1.639999999999999858e+01
FC_Cref_,1.881000000000000005e+00
FC_Mach_,2.030000000000000138e-01
FC_Pitch_Rate,0.000000000000000000e+00
FC_ReCref_,6.980000000000000000e+06
FC_Rho_,2.377000000000000206e-03
FC_Roll__Rate,0.000000000000000000e+00
FC_Sref_,3.000000340000000065e+01
FC_Vinf_,1.000000000000000000e+02
FC_Xcg_,3.750000000000000000e+00
FC_Yaw___Rate,0.000000000000000000e+00
FC_Ycg_,0.000000000000000000e+00
FC_Zcg_,0.000000000000000000e+00
L/D,0.000000000000000000e+00,7.545938165099999595e-02,7.551577230000000585e-02
L/Dw,0.000000000000000000e+00,0.000000000000000000e+00,0.000000000000000000e+00
Mach,2.030000000000000138e-01,2.030000000000000138e-01,2.030000000000000138e-01
T/QS,0.000000000000000000e+00,0.000000000000000000e+00,0.000000000000000000e+00
WakeIter,1,2,3
WallTime,1.310000000010000110e-01,2.540000000009999814e-01,3.700000000029999847e-01
log10( L2Residual ),1.503883371274999936e+00,-1.055155801079000089e+00,-3.741595534026000092e+00
log10( MaxResidual ),1.910926495972999906e+00,-3.368933246399999915e-01,-3.021619038711000016e+00
Results_Name,VSPAERO_Polar
Results_Timestamp,1787050174
Results_Date,8,18,2026
Results_Time,16,19,34
Alpha,4.000000000000000000e+00
Beta,0.000000000000000000e+00
CDi,-3.029150800000000149e-04
CDiw,0.000000000000000000e+00
CDo,2.969782165000000012e-03
CDtot,2.666867084999999943e-03
CDwtot,2.969782165000000012e-03
CFix,-3.162254870000000078e-04
CFiy,2.326879099999999858e-05
CFiz,1.797696619999999902e-04
CFox,2.962547925000000044e-03
CFoy,0.000000000000000000e+00
CFoz,2.071615319999999926e-04
CFxtot,2.646322437999999982e-03
CFytot,2.326879099999999858e-05
CFztot,3.869311940000000100e-04
CLi,2.013905279999999990e-04
CLiw,0.000000000000000000e+00
CLo,0.000000000000000000e+00
CLtot,2.013905279999999990e-04
CLwtot,0.000000000000000000e+00
CMix,2.919836000000000127e-06
CMiy,-1.716502383999999942e-03
CMiz,-3.116654999999999724e-05
CMox,0.000000000000000000e+00
CMoy,0.000000000000000000e+00
CMoz,0.000000000000000000e+00
CMxtot,2.919836000000000127e-06
CMytot,-1.716502383999999942e-03
CMztot,-3.116654999999999724e-05
CSi,2.326879099999999858e-05
CSiw,0.000000000000000000e+00
CSo,0.000000000000000000e+00
CStot,2.326879099999999858e-05
CSwtot,0.000000000000000000e+00
E,-4.753801000000000363e-06
Ew,-4.753801000000000363e-06
L_D,7.551577230000000585e-02
L_Dw,7.551577230000000585e-02
Mach,2.030000000000000138e-01
Re_1e6,6.980000000000000426e+00
StallFactor,1.000000000000000000e+00
Results_Name,VSPAERO_Load
Results_Timestamp,1787050174
Results_Date,8,18,2026
Results_Time,16,19,34
FC_AoA_,4.000000000000000000e+00
FC_Beta_,0.000000000000000000e+00
FC_Bref_,1.639999999999999858e+01
FC_Cref_,1.881000000000000005e+00
FC_Mach_,2.030000000000000138e-01
FC_Pitch_Rate,0.000000000000000000e+00
FC_Rho_,2.377000000000000206e-03
FC_Roll__Rate,0.000000000000000000e+00
FC_Sref_,3.000000340000000065e+01
FC_Vinf_,1.000000000000000000e+02
FC_Xcg_,3.750000000000000000e+00
FC_Yaw___Rate,0.000000000000000000e+00
FC_Ycg_,0.000000000000000000e+00
FC_Zcg_,0.000000000000000000e+00
Unsteady,0
Results_Name,CpSlice_Wrapper
Results_Timestamp,1787050175
Results_Date,8,18,2026
Results_Time,16,19,35
CpSlice_Case_ID_Vec,MPEYURG
Num_Cuts,1
Results_Name,CpSlicer_Case
Results_Timestamp,1787050175
Results_Date,8,18,2026
Results_Time,16,19,35
Alpha,4.000000000000000000e+00
Beta,0.000000000000000000e+00
Case,1
Cp,6.742000000000000215e-01,6.742000000000000215e-01,6.742000000000000215e-01,6.742000000000000215e-01,5.573000000000000176e-01,6.742000000000000215e-01,5.573000000000000176e-01,6.742000000000000215e-01,6.742000000000000215e-01,6.742000000000000215e-01,6.742000000000000215e-01,6.742000000000000215e-01,6.742000000000000215e-01,6.742000000000000215e-01,6.650000000000000355e-01,6.742000000000000215e-01,6.650000000000000355e-01,6.742000000000000215e-01,6.742000000000000215e-01,6.742000000000000215e-01,3.756999999999999784e-01,3.756999999999999784e-01,3.756999999999999784e-01,3.756999999999999784e-01,5.292999999999999927e-01,5.292999999999999927e-01,5.292999999999999927e-01,5.292999999999999927e-01,1.419999999999999873e-01,1.419999999999999873e-01,1.419999999999999873e-01,1.419999999999999873e-01,3.000999999999999779e-01,3.000999999999999779e-01,3.000999999999999779e-01,3.000999999999999779e-01,-2.280000000000000082e-02,-2.280000000000000082e-02,-2.280000000000000082e-02,-2.280000000000000082e-02,7.220000000000000029e-02,7.220000000000000029e-02,7.220000000000000029e-02,7.220000000000000029e-02,-2.790000000000000119e-02,-2.790000000000000119e-02,-2.790000000000000119e-02,-2.790000000000000119e-02,-2.790000000000000119e-02,2.599999999999999881e-03,2.599999999999999881e-03,2.599999999999999881e-03,2.599999999999999881e-03,2.599999999999999881e-03,-1.379999999999999977e-02,-1.379999999999999977e-02,-1.379999999999999977e-02,-1.379999999999999977e-02,4.100000000000000346e-03,4.100000000000000346e-03,4.100000000000000346e-03,4.100000000000000346e-03,-4.739999999999999769e-02,-4.739999999999999769e-02,-4.739999999999999769e-02,-4.739999999999999769e-02,-5.990000000000000185e-02,-5.990000000000000185e-02,-5.990000000000000185e-02,-5.990000000000000185e-02,-8.419999999999999707e-02,-8.419999999999999707e-02,-8.419999999999999707e-02,-8.419999999999999707e-02,-1.468000000000000138e-01,-1.468000000000000138e-01,-1.468000000000000138e-01,-1.468000000000000138e-01,-9.900000000000000466e-02,-9.900000000000000466e-02,-9.900000000000000466e-02,-9.900000000000000466e-02,-2.053000000000000103e-01,-2.053000000000000103e-01,-2.053000000000000103e-01,-2.053000000000000103e-01,-9.260000000000000175e-02,-9.260000000000000175e-02,-9.260000000000000175e-02,-9.260000000000000175e-02,-1.981999999999999873e-01,-1.981999999999999873e-01,-1.981999999999999873e-01,-1.981999999999999873e-01,-8.329999999999999905e-02,-8.329999999999999905e-02,-8.329999999999999905e-02,-8.329999999999999905e-02,-1.428999999999999992e-01,-1.428999999999999992e-01,-1.428999999999999992e-01,-1.428999999999999992e-01,-8.350000000000000477e-02,-8.350000000000000477e-02,-8.350000000000000477e-02,-8.350000000000000477e-02,-1.039999999999999952e-01,-1.039999999999999952e-01,-1.039999999999999952e-01,-1.039999999999999952e-01,-8.799999999999999489e-02,-8.799999999999999489e-02,-8.799999999999999489e-02,-8.799999999999999489e-02,-7.620000000000000384e-02,-7.620000000000000384e-02,-7.620000000000000384e-02,-7.620000000000000384e-02,-1.078999999999999959e-01,-1.078999999999999959e-01,-1.078999999999999959e-01,-1.078999999999999959e-01,-5.109999999999999959e-02,-5.109999999999999959e-02,-5.109999999999999959e-02,-5.109999999999999959e-02,-1.746999999999999942e-01,-1.746999999999999942e-01,-1.746999999999999942e-01,-1.746999999999999942e-01,-3.869999999999999829e-02,-3.869999999999999829e-02,-3.869999999999999829e-02,-3.869999999999999829e-02,-1.746999999999999942e-01,-1.990999999999999992e-01,-1.746999999999999942e-01,-1.990999999999999992e-01,-3.869999999999999829e-02,-4.839999999999999858e-02,-3.869999999999999829e-02,-4.839999999999999858e-02,-1.209999999999999964e-01,-1.990999999999999992e-01,-1.990999999999999992e-01,-1.209999999999999964e-01,-4.839999999999999858e-02,-4.959999999999999826e-02,-4.839999999999999858e-02,-4.959999999999999826e-02,-2.779999999999999832e-02,-1.209999999999999964e-01,-1.209999999999999964e-01,-2.779999999999999832e-02,-4.959999999999999826e-02,-4.030000000000000249e-02,-4.959999999999999826e-02,-4.030000000000000249e-02,3.000000000000000062e-03,-2.779999999999999832e-02,-2.779999999999999832e-02,3.000000000000000062e-03,-4.030000000000000249e-02,-2.989999999999999949e-02,-4.030000000000000249e-02,-2.989999999999999949e-02,-4.270000000000000184e-02,3.000000000000000062e-03,-4.270000000000000184e-02,3.000000000000000062e-03,-2.989999999999999949e-02,-2.929999999999999966e-02,-2.989999999999999949e-02,-2.929999999999999966e-02,-4.270000000000000184e-02,-6.210000000000000242e-02,-6.210000000000000242e-02,-4.270000000000000184e-02,-2.929999999999999966e-02,-3.150000000000000022e-02,-2.929999999999999966e-02,-3.150000000000000022e-02,-6.210000000000000242e-02,-2.249999999999999917e-02,-2.249999999999999917e-02,-6.210000000000000242e-02,-3.150000000000000022e-02,-2.670000000000000151e-02,-3.150000000000000022e-02,-2.670000000000000151e-02,-2.249999999999999917e-02,2.779999999999999832e-02,2.779999999999999832e-02,-2.249999999999999917e-02,-2.670000000000000151e-02,-8.500000000000000611e-03,-2.670000000000000151e-02,-8.500000000000000611e-03,2.779999999999999832e-02,4.270000000000000184e-02,4.270000000000000184e-02,2.779999999999999832e-02,-8.500000000000000611e-03,2.560000000000000123e-02,-8.500000000000000611e-03,2.560000000000000123e-02,4.270000000000000184e-02,5.999999999999999474e-04,5.999999999999999474e-04,4.270000000000000184e-02,2.560000000000000123e-02,4.209999999999999853e-02,2.560000000000000123e-02,4.209999999999999853e-02,5.999999999999999474e-04,-3.780000000000000027e-02,5.999999999999999474e-04,-3.780000000000000027e-02,5.999999999999999474e-04,4.209999999999999853e-02,-5.700000000000000205e-03,4.209999999999999853e-02,4.209999999999999853e-02,-5.700000000000000205e-03,-3.780000000000000027e-02,8.699999999999999400e-03,8.699999999999999400e-03,-3.780000000000000027e-02,-5.700000000000000205e-03,-9.470000000000000639e-02,-5.700000000000000205e-03,-9.470000000000000639e-02,8.699999999999999400e-03,9.700000000000000289e-02,9.700000000000000289e-02,8.699999999999999400e-03,-9.470000000000000639e-02,-2.064999999999999891e-01,-9.470000000000000639e-02,-2.064999999999999891e-01,1.996999999999999886e-01,1.996999999999999886e-01,1.996999999999999886e-01,1.996999999999999886e-01,-2.064999999999999891e-01,-1.386999999999999900e-01,-1.386999999999999900e-01,-2.064999999999999891e-01,1.716000000000000025e-01,1.716000000000000025e-01,1.716000000000000025e-01,1.716000000000000025e-01,1.716000000000000025e-01,1.716000000000000025e-01,1.716000000000000025e-01,1.716000000000000025e-01,1.716000000000000025e-01,1.716000000000000025e-01,1.716000000000000025e-01,1.716000000000000025e-01,1.716000000000000025e-01,1.716000000000000025e-01,1.716000000000000025e-01,1.716000000000000025e-01
Cut_Loc,0.000000000000000000e+00
Cut_Num,1
Cut_Type,1
Mach,2.030000000000000138e-01
X_Loc,0.000000000000000000e+00,0.000000000000000000e+00,0.000000000000000000e+00,0.000000000000000000e+00,8.129999999999999727e-02,0.000000000000000000e+00,8.129999999999999727e-02,0.000000000000000000e+00,0.000000000000000000e+00,0.000000000000000000e+00,0.000000000000000000e+00,0.000000000000000000e+00,0.000000000000000000e+00,0.000000000000000000e+00,8.129999999999999727e-02,0.000000000000000000e+00,8.129999999999999727e-02,0.000000000000000000e+00,0.000000000000000000e+00,0.000000000000000000e+00,1.753000000000000114e-01,1.753000000000000114e-01,1.753000000000000114e-01,1.753000000000000114e-01,1.753000000000000114e-01,1.753000000000000114e-01,1.753000000000000114e-01,1.753000000000000114e-01,2.823999999999999844e-01,2.823999999999999844e-01,2.823999999999999844e-01,2.823999999999999844e-01,2.823999999999999844e-01,2.823999999999999844e-01,2.823999999999999844e-01,2.823999999999999844e-01,4.030000000000000249e-01,4.030000000000000249e-01,4.030000000000000249e-01,4.030000000000000249e-01,4.030000000000000249e-01,4.030000000000000249e-01,4.030000000000000249e-01,4.030000000000000249e-01,5.374999999999999778e-01,5.374999999999999778e-01,5.374999999999999778e-01,5.374999999999999778e-01,5.374999999999999778e-01,5.374999999999999778e-01,5.374999999999999778e-01,5.374999999999999778e-01,5.374999999999999778e-01,5.374999999999999778e-01,7.814999999999999725e-01,7.814999999999999725e-01,7.814999999999999725e-01,7.814999999999999725e-01,7.814999999999999725e-01,7.814999999999999725e-01,7.814999999999999725e-01,7.814999999999999725e-01,1.185400000000000009e+00,1.185400000000000009e+00,1.185400000000000009e+00,1.185400000000000009e+00,1.185400000000000009e+00,1.185400000000000009e+00,1.185400000000000009e+00,1.185400000000000009e+00,1.682500000000000107e+00,1.682500000000000107e+00,1.682500000000000107e+00,1.682500000000000107e+00,1.682500000000000107e+00,1.682500000000000107e+00,1.682500000000000107e+00,1.682500000000000107e+00,2.205499999999999794e+00,2.205499999999999794e+00,2.205499999999999794e+00,2.205499999999999794e+00,2.205499999999999794e+00,2.205499999999999794e+00,2.205499999999999794e+00,2.205499999999999794e+00,2.687500000000000000e+00,2.687500000000000000e+00,2.687500000000000000e+00,2.687500000000000000e+00,2.687500000000000000e+00,2.687500000000000000e+00,2.687500000000000000e+00,2.687500000000000000e+00,3.192499999999999893e+00,3.192499999999999893e+00,3.192499999999999893e+00,3.192499999999999893e+00,3.192499999999999893e+00,3.192499999999999893e+00,3.192499999999999893e+00,3.192499999999999893e+00,3.782900000000000151e+00,3.782900000000000151e+00,3.782900000000000151e+00,3.782900000000000151e+00,3.782900000000000151e+00,3.782900000000000151e+00,3.782900000000000151e+00,3.782900000000000151e+00,4.389599999999999724e+00,4.389599999999999724e+00,4.389599999999999724e+00,4.389599999999999724e+00,4.389599999999999724e+00,4.389599999999999724e+00,4.389599999999999724e+00,4.389599999999999724e+00,4.943299999999999805e+00,4.943299999999999805e+00,4.943299999999999805e+00,4.943299999999999805e+00,4.943299999999999805e+00,4.943299999999999805e+00,4.943299999999999805e+00,4.943299999999999805e+00,5.375000000000000000e+00,5.375000000000000000e+00,5.375000000000000000e+00,5.375000000000000000e+00,5.375000000000000000e+00,5.375000000000000000e+00,5.375000000000000000e+00,5.375000000000000000e+00,5.375000000000000000e+00,5.720699999999999896e+00,5.375000000000000000e+00,5.720699999999999896e+00,5.375000000000000000e+00,5.720699999999999896e+00,5.375000000000000000e+00,5.720699999999999896e+00,6.063900000000000290e+00,5.720699999999999896e+00,5.720699999999999896e+00,6.063900000000000290e+00,5.720699999999999896e+00,6.063900000000000290e+00,5.720699999999999896e+00,6.063900000000000290e+00,6.406100000000000350e+00,6.063900000000000290e+00,6.063900000000000290e+00,6.406100000000000350e+00,6.063900000000000290e+00,6.406100000000000350e+00,6.063900000000000290e+00,6.406100000000000350e+00,6.749299999999999855e+00,6.406100000000000350e+00,6.406100000000000350e+00,6.749299999999999855e+00,6.406100000000000350e+00,6.749299999999999855e+00,6.406100000000000350e+00,6.749299999999999855e+00,7.094999999999999751e+00,6.749299999999999855e+00,7.094999999999999751e+00,6.749299999999999855e+00,6.749299999999999855e+00,7.094999999999999751e+00,6.749299999999999855e+00,7.094999999999999751e+00,7.094999999999999751e+00,7.475200000000000067e+00,7.475200000000000067e+00,7.094999999999999751e+00,7.094999999999999751e+00,7.475200000000000067e+00,7.094999999999999751e+00,7.475200000000000067e+00,7.475200000000000067e+00,7.900100000000000122e+00,7.900100000000000122e+00,7.475200000000000067e+00,7.475200000000000067e+00,7.900100000000000122e+00,7.475200000000000067e+00,7.900100000000000122e+00,7.900100000000000122e+00,8.339299999999999713e+00,8.339299999999999713e+00,7.900100000000000122e+00,7.900100000000000122e+00,8.339299999999999713e+00,7.900100000000000122e+00,8.339299999999999713e+00,8.339299999999999713e+00,8.762000000000000455e+00,8.762000000000000455e+00,8.339299999999999713e+00,8.339299999999999713e+00,8.762000000000000455e+00,8.339299999999999713e+00,8.762000000000000455e+00,8.762000000000000455e+00,9.137499999999999289e+00,9.137499999999999289e+00,8.762000000000000455e+00,8.762000000000000455e+00,9.137499999999999289e+00,8.762000000000000455e+00,9.137499999999999289e+00,9.137499999999999289e+00,9.494899999999999451e+00,9.137499999999999289e+00,9.494899999999999451e+00,9.137499999999999289e+00,9.137499999999999289e+00,9.494899999999999451e+00,9.137499999999999289e+00,9.137499999999999289e+00,9.494899999999999451e+00,9.494899999999999451e+00,9.864200000000000301e+00,9.864200000000000301e+00,9.494899999999999451e+00,9.494899999999999451e+00,9.864200000000000301e+00,9.494899999999999451e+00,9.864200000000000301e+00,9.864200000000000301e+00,1.021589999999999954e+01,1.021589999999999954e+01,9.864200000000000301e+00,9.864200000000000301e+00,1.021589999999999954e+01,9.864200000000000301e+00,1.021589999999999954e+01,1.052100000000000080e+01,1.052100000000000080e+01,1.052100000000000080e+01,1.052100000000000080e+01,1.021589999999999954e+01,1.052100000000000080e+01,1.052100000000000080e+01,1.021589999999999954e+01,1.075000000000000000e+01,1.075000000000000000e+01,1.075000000000000000e+01,1.075000000000000000e+01,1.075000000000000000e+01,1.075000000000000000e+01,1.075000000000000000e+01,1.075000000000000000e+01,1.075000000000000000e+01,1.075000000000000000e+01,1.075000000000000000e+01,1.075000000000000000e+01,1.075000000000000000e+01,1.075000000000000000e+01,1.075000000000000000e+01,1.075000000000000000e+01
Y_Loc,0.000000000000000000e+00,0.000000000000000000e+00,0.000000000000000000e+00,0.000000000000000000e+00,0.000000000000000000e+00,0.000000000000000000e+00,-0.000000000000000000e+00,0.000000000000000000e+00,0.000000000000000000e+00,0.000000000000000000e+00,0.000000000000000000e+00,0.000000000000000000e+00,0.000000000000000000e+00,0.000000000000000000e+00,0.000000000000000000e+00,0.000000000000000000e+00,0.000000000000000000e+00,0.000000000000000000e+00,0.000000000000000000e+00,0.000000000000000000e+00,0.000000000000000000e+00,0.000000000000000000e+00,0.000000000000000000e+00,-0.000000000000000000e+00,0.000000000000000000e+00,0.000000000000000000e+00,0.000000000000000000e+00,0.000000000000000000e+00,0.000000000000000000e+00,0.000000000000000000e+00,0.000000000000000000e+00,-0.000000000000000000e+00,0.000000000000000000e+00,0.000000000000000000e+00,0.000000000000000000e+00,0.000000000000000000e+00,0.000000000000000000e+00,0.000000000000000000e+00,0.000000000000000000e+00,-0.000000000000000000e+00,0.000000000000000000e+00,0.000000000000000000e+00,0.000000000000000000e+00,-0.000000000000000000e+00,0.000000000000000000e+00,0.000000000000000000e+00,0.000000000000000000e+00,0.000000000000000000e+00,0.000000000000000000e+00,0.000000000000000000e+00,0.000000000000000000e+00,0.000000000000000000e+00,0.000000000000000000e+00,0.000000000000000000e+00,0.000000000000000000e+00,0.000000000000000000e+00,0.000000000000000000e+00,0.000000000000000000e+00,0.000000000000000000e+00,0.000000000000000000e+00,0.000000000000000000e+00,0.000000000000000000e+00,0.000000000000000000e+00,0.000000000000000000e+00,0.000000000000000000e+00,0.000000000000000000e+00,0.000000000000000000e+00,0.000000000000000000e+00,0.000000000000000000e+00,0.000000000000000000e+00,0.000000000000000000e+00,0.000000000000000000e+00,0.000000000000000000e+00,0.000000000000000000e+00,0.000000000000000000e+00,0.000000000000000000e+00,0.000000000000000000e+00,0.000000000000000000e+00,0.000000000000000000e+00,0.000000000000000000e+00,0.000000000000000000e+00,0.000000000000000000e+00,0.000000000000000000e+00,0.000000000000000000e+00,0.000000000000000000e+00,0.000000000000000000e+00,0.000000000000000000e+00,0.000000000000000000e+00,0.000000000000000000e+00,0.000000000000000000e+00,0.000000000000000000e+00,0.000000000000000000e+00,0.000000000000000000e+00,0.000000000000000000e+00,0.000000000000000000e+00,0.000000000000000000e+00,0.000000000000000000e+00,0.000000000000000000e+00,0.000000000000000000e+00,0.000000000000000000e+00,0.000000000000000000e+00,0.000000000000000000e+00,0.000000000000000000e+00,0.000000000000000000e+00,0.000000000000000000e+00,0.000000000000000000e+00,0.000000000000000000e+00,0.000000000000000000e+00,0.000000000000000000e+00,0.000000000000000000e+00,0.000000000000000000e+00,0.000000000000000000e+00,0.000000000000000000e+00,0.000000000000000000e+00,0.000000000000000000e+00,0.000000000000000000e+00,0.000000000000000000e+00,0.000000000000000000e+00,0.000000000000000000e+00,0.000000000000000000e+00,0.000000000000000000e+00,0.000000000000000000e+00,0.000000000000000000e+00,0.000000000000000000e+00,0.000000000000000000e+00,0.000000000000000000e+00,0.000000000000000000e+00,0.000000000000000000e+00,0.000000000000000000e+00,0.000000000000000000e+00,0.000000000000000000e+00,0.000000000000000000e+00,0.000000000000000000e+00,0.000000000000000000e+00,0.000000000000000000e+00,0.000000000000000000e+00,0.000000000000000000e+00,0.000000000000000000e+00,0.000000000000000000e+00,0.000000000000000000e+00,0.000000000000000000e+00,0.000000000000000000e+00,0.000000000000000000e+00,0.000000000000000000e+00,0.000000000000000000e+00,0.000000000000000000e+00,0.000000000000000000e+00,0.000000000000000000e+00,0.000000000000000000e+00,0.000000000000000000e+00,0.000000000000000000e+00,0.000000000000000000e+00,0.000000000000000000e+00,0.000000000000000000e+00,0.000000000000000000e+00,0.000000000000000000e+00,0.000000000000000000e+00,0.000000000000000000e+00,0.000000000000000000e+00,0.000000000000000000e+00,0.000000000000000000e+00,0.000000000000000000e+00,0.000000000000000000e+00,0.000000000000000000e+00,0.000000000000000000e+00,0.000000000000000000e+00,0.000000000000000000e+00,0.000000000000000000e+00,0.000000000000000000e+00,0.000000000000000000e+00,0.000000000000000000e+00,0.000000000000000000e+00,0.000000000000000000e+00,0.000000000000000000e+00,0.000000000000000000e+00,0.000000000000000000e+00,0.000000000000000000e+00,0.000000000000000000e+00,0.000000000000000000e+00,0.000000000000000000e+00,0.000000000000000000e+00,0.000000000000000000e+00,0.000000000000000000e+00,0.000000000000000000e+00,0.000000000000000000e+00,0.000000000000000000e+00,0.000000000000000000e+00,0.000000000000000000e+00,0.000000000000000000e+00,0.000000000000000000e+00,0.000000000000000000e+00,0.000000000000000000e+00,0.000000000000000000e+00,0.000000000000000000e+00,0.000000000000000000e+00,0.000000000000000000e+00,0.000000000000000000e+00,0.000000000000000000e+00,0.000000000000000000e+00,0.000000000000000000e+00,0.000000000000000000e+00,0.000000000000000000e+00,0.000000000000000000e+00,0.000000000000000000e+00,0.000000000000000000e+00,0.000000000000000000e+00,0.000000000000000000e+00,0.000000000000000000e+00,0.000000000000000000e+00,0.000000000000000000e+00,0.000000000000000000e+00,0.000000000000000000e+00,0.000000000000000000e+00,0.000000000000000000e+00,0.000000000000000000e+00,0.000000000000000000e+00,0.000000000000000000e+00,-0.000000000000000000e+00,0.000000000000000000e+00,0.000000000000000000e+00,0.000000000000000000e+00,0.000000000000000000e+00,0.000000000000000000e+00,0.000000000000000000e+00,0.000000000000000000e+00,0.000000000000000000e+00,-0.000000000000000000e+00,-0.000000000000000000e+00,-0.000000000000000000e+00,0.000000000000000000e+00,0.000000000000000000e+00,0.000000000000000000e+00,0.000000000000000000e+00,0.000000000000000000e+00,-0.000000000000000000e+00,-0.000000000000000000e+00,-0.000000000000000000e+00,0.000000000000000000e+00,-0.000000000000000000e+00,0.000000000000000000e+00,0.000000000000000000e+00,0.000000000000000000e+00,-0.000000000000000000e+00,0.000000000000000000e+00,-0.000000000000000000e+00,0.000000000000000000e+00,0.000000000000000000e+00,0.000000000000000000e+00,0.000000000000000000e+00,0.000000000000000000e+00,0.000000000000000000e+00,0.000000000000000000e+00,0.000000000000000000e+00,0.000000000000000000e+00,0.000000000000000000e+00,0.000000000000000000e+00,0.000000000000000000e+00,0.000000000000000000e+00,0.000000000000000000e+00,0.000000000000000000e+00,0.000000000000000000e+00,0.000000000000000000e+00,0.000000000000000000e+00,0.000000000000000000e+00
Z_Loc,-2.999999999999999889e-01,-2.999999999999999889e-01,-2.999999999999999889e-01,-2.999999999999999889e-01,-3.845000000000000084e-01,-2.999999999999999889e-01,-3.845000000000000084e-01,-2.999999999999999889e-01,-2.999999999999999889e-01,-2.999999999999999889e-01,-2.999999999999999889e-01,-2.999999999999999889e-01,-2.999999999999999889e-01,-2.999999999999999889e-01,-1.947000000000000119e-01,-2.999999999999999889e-01,-1.947000000000000119e-01,-2.999999999999999889e-01,-2.999999999999999889e-01,-2.999999999999999889e-01,-4.773000000000000020e-01,-4.773000000000000020e-01,-4.773000000000000020e-01,-4.773000000000000020e-01,-5.229999999999999927e-02,-5.229999999999999927e-02,-5.229999999999999927e-02,-5.229999999999999927e-02,-5.628999999999999559e-01,-5.628999999999999559e-01,-5.628999999999999559e-01,-5.628999999999999559e-01,9.249999999999999889e-02,9.249999999999999889e-02,9.249999999999999889e-02,9.249999999999999889e-02,-6.256000000000000449e-01,-6.256000000000000449e-01,-6.256000000000000449e-01,-6.256000000000000449e-01,2.048000000000000098e-01,2.048000000000000098e-01,2.048000000000000098e-01,2.048000000000000098e-01,-6.500000000000000222e-01,-6.500000000000000222e-01,-6.500000000000000222e-01,-6.500000000000000222e-01,-6.500000000000000222e-01,2.500000000000000000e-01,2.500000000000000000e-01,2.500000000000000000e-01,2.500000000000000000e-01,2.500000000000000000e-01,-6.707999999999999519e-01,-6.707999999999999519e-01,-6.707999999999999519e-01,-6.707999999999999519e-01,3.124000000000000110e-01,3.124000000000000110e-01,3.124000000000000110e-01,3.124000000000000110e-01,-7.204000000000000403e-01,-7.204000000000000403e-01,-7.204000000000000403e-01,-7.204000000000000403e-01,4.611999999999999988e-01,4.611999999999999988e-01,4.611999999999999988e-01,4.611999999999999988e-01,-7.795999999999999597e-01,-7.795999999999999597e-01,-7.795999999999999597e-01,-7.795999999999999597e-01,6.388000000000000345e-01,6.388000000000000345e-01,6.388000000000000345e-01,6.388000000000000345e-01,-8.292000000000000481e-01,-8.292000000000000481e-01,-8.292000000000000481e-01,-8.292000000000000481e-01,7.875999999999999668e-01,7.875999999999999668e-01,7.875999999999999668e-01,7.875999999999999668e-01,-8.499999999999999778e-01,-8.499999999999999778e-01,-8.499999999999999778e-01,-8.499999999999999778e-01,8.499999999999999778e-01,8.499999999999999778e-01,8.499999999999999778e-01,8.499999999999999778e-01,-8.499999999999999778e-01,-8.499999999999999778e-01,-8.499999999999999778e-01,-8.499999999999999778e-01,8.499999999999999778e-01,8.499999999999999778e-01,8.499999999999999778e-01,8.499999999999999778e-01,-8.499999999999999778e-01,-8.499999999999999778e-01,-8.499999999999999778e-01,-8.499999999999999778e-01,8.499999999999999778e-01,8.499999999999999778e-01,8.499999999999999778e-01,8.499999999999999778e-01,-8.499999999999999778e-01,-8.499999999999999778e-01,-8.499999999999999778e-01,-8.499999999999999778e-01,8.499999999999999778e-01,8.499999999999999778e-01,8.499999999999999778e-01,8.499999999999999778e-01,-8.499999999999999778e-01,-8.499999999999999778e-01,-8.499999999999999778e-01,-8.499999999999999778e-01,8.499999999999999778e-01,8.499999999999999778e-01,8.499999999999999778e-01,8.499999999999999778e-01,-8.499999999999999778e-01,-8.499999999999999778e-01,-8.499999999999999778e-01,-8.499999999999999778e-01,8.499999999999999778e-01,8.499999999999999778e-01,8.499999999999999778e-01,8.499999999999999778e-01,-8.499999999999999778e-01,-8.135999999999999899e-01,-8.499999999999999778e-01,-8.135999999999999899e-01,8.499999999999999778e-01,8.489999999999999769e-01,8.499999999999999778e-01,8.489999999999999769e-01,-7.268000000000000016e-01,-8.135999999999999899e-01,-8.135999999999999899e-01,-7.268000000000000016e-01,8.489999999999999769e-01,8.465000000000000302e-01,8.489999999999999769e-01,8.465000000000000302e-01,-6.231999999999999762e-01,-7.268000000000000016e-01,-7.268000000000000016e-01,-6.231999999999999762e-01,8.465000000000000302e-01,8.435000000000000275e-01,8.465000000000000302e-01,8.435000000000000275e-01,-5.363999999999999879e-01,-6.231999999999999762e-01,-6.231999999999999762e-01,-5.363999999999999879e-01,8.435000000000000275e-01,8.409999999999999698e-01,8.435000000000000275e-01,8.409999999999999698e-01,-5.000000000000000000e-01,-5.363999999999999879e-01,-5.000000000000000000e-01,-5.363999999999999879e-01,8.409999999999999698e-01,8.399999999999999689e-01,8.409999999999999698e-01,8.399999999999999689e-01,-5.000000000000000000e-01,-4.480000000000000093e-01,-4.480000000000000093e-01,-5.000000000000000000e-01,8.399999999999999689e-01,8.357999999999999874e-01,8.399999999999999689e-01,8.357999999999999874e-01,-4.480000000000000093e-01,-3.240000000000000102e-01,-3.240000000000000102e-01,-4.480000000000000093e-01,8.357999999999999874e-01,8.258999999999999675e-01,8.357999999999999874e-01,8.258999999999999675e-01,-3.240000000000000102e-01,-1.759999999999999898e-01,-1.759999999999999898e-01,-3.240000000000000102e-01,8.258999999999999675e-01,8.141000000000000458e-01,8.258999999999999675e-01,8.141000000000000458e-01,-1.759999999999999898e-01,-5.199999999999999761e-02,-5.199999999999999761e-02,-1.759999999999999898e-01,8.141000000000000458e-01,8.042000000000000259e-01,8.141000000000000458e-01,8.042000000000000259e-01,-5.199999999999999761e-02,0.000000000000000000e+00,0.000000000000000000e+00,-5.199999999999999761e-02,8.042000000000000259e-01,8.000000000000000444e-01,8.042000000000000259e-01,8.000000000000000444e-01,0.000000000000000000e+00,5.419999999999999818e-02,0.000000000000000000e+00,5.419999999999999818e-02,0.000000000000000000e+00,8.000000000000000444e-01,8.289999999999999591e-01,8.000000000000000444e-01,8.000000000000000444e-01,8.289999999999999591e-01,5.419999999999999818e-02,1.945999999999999952e-01,1.945999999999999952e-01,5.419999999999999818e-02,8.289999999999999591e-01,8.870000000000000107e-01,8.289999999999999591e-01,8.870000000000000107e-01,1.945999999999999952e-01,3.879000000000000226e-01,3.879000000000000226e-01,1.945999999999999952e-01,8.870000000000000107e-01,9.304999999999999938e-01,8.870000000000000107e-01,9.304999999999999938e-01,6.008000000000000007e-01,6.008000000000000007e-01,6.008000000000000007e-01,6.008000000000000007e-01,9.304999999999999938e-01,9.160000000000000364e-01,9.160000000000000364e-01,9.304999999999999938e-01,8.000000000000000444e-01,8.000000000000000444e-01,8.000000000000000444e-01,8.000000000000000444e-01,8.000000000000000444e-01,8.000000000000000444e-01,8.000000000000000444e-01,8.000000000000000444e-01,8.000000000000000444e-01,8.000000000000000444e-01,8.000000000000000444e-01,8.000000000000000444e-01,8.000000000000000444e-01,8.000000000000000444e-01,8.000000000000000444e-01,8.000000000000000444e-01
